ts,device,co,humidity,light,lpg,motion,smoke,temp
1.59E+09,b8:27:eb:bf:9d:51,0.004955939,51,false,0.007650822,false,0.02041127,22.7
1.59E+09,00:0f:00:70:91:0a,0.002840089,76,false,0.005114383,false,0.013274837,19.70000076
1.59E+09,b8:27:eb:bf:9d:51,0.004976012,50.9,false,0.007673227,false,0.020475126,22.6
1.59E+09,1c:bf:ce:15:ec:4d,0.004403027,76.80000305,true,0.007023337,false,0.018628225,27
1.59E+09,b8:27:eb:bf:9d:51,0.004967364,50.9,false,0.007663577,false,0.020447621,22.6
1.59E+09,1c:bf:ce:15:ec:4d,0.004391004,77.90000153,true,0.007009459,false,0.018588908,27
1.59E+09,b8:27:eb:bf:9d:51,0.004976025,50.9,false,0.007673242,false,0.020475166,22.6
1.59E+09,00:0f:00:70:91:0a,0.002938116,76,false,0.005241482,false,0.013627521,19.70000076
1.59E+09,1c:bf:ce:15:ec:4d,0.004345471,77.90000153,true,0.006956802,false,0.018439782,27
1.59E+09,b8:27:eb:bf:9d:51,0.004970256,50.9,false,0.007666805,false,0.02045682,22.6
1.59E+09,b8:27:eb:bf:9d:51,0.004960209,50.9,false,0.00765559,false,0.020424858,22.6
1.59E+09,1c:bf:ce:15:ec:4d,0.004383044,78,true,0.007000264,false,0.018562862,27
1.59E+09,b8:27:eb:bf:9d:51,0.004971645,50.9,false,0.007668355,false,0.020461238,22.6
1.59E+09,1c:bf:ce:15:ec:4d,0.004451498,78,true,0.007079184,false,0.018786491,27
1.59E+09,b8:27:eb:bf:9d:51,0.004964565,50.9,false,0.007660453,false,0.020438717,22.6
1.59E+09,00:0f:00:70:91:0a,0.002905015,75.80000305,false,0.005198697,false,0.013508733,19.70000076
1.59E+09,b8:27:eb:bf:9d:51,0.004975983,50.9,false,0.007673195,false,0.020475034,22.6
1.59E+09,b8:27:eb:bf:9d:51,0.004960209,50.9,false,0.00765559,false,0.020424858,22.6
1.59E+09,1c:bf:ce:15:ec:4d,0.004439323,77.90000153,true,0.007065172,false,0.018746775,27
1.59E+09,b8:27:eb:bf:9d:51,0.004956119,50.9,false,0.007651024,false,0.020411845,22.6
1.59E+09,00:0f:00:70:91:0a,0.002938116,75.80000305,false,0.005241482,false,0.013627521,19.70000076
1.59E+09,1c:bf:ce:15:ec:4d,0.004391004,77.90000153,true,0.007009459,false,0.018588908,27
1.59E+09,b8:27:eb:bf:9d:51,0.00495173,50.8,false,0.007646122,false,0.020397876,22.6
1.59E+09,00:0f:00:70:91:0a,0.002840089,76,false,0.005114383,false,0.013274837,19.70000076
1.59E+09,b8:27:eb:bf:9d:51,0.004961647,50.9,false,0.007657197,false,0.020429436,22.6
1.59E+09,00:0f:00:70:91:0a,0.002840089,76,false,0.005114383,false,0.013274837,19.79999924
1.59E+09,1c:bf:ce:15:ec:4d,0.004381061,77.90000153,true,0.006997973,false,0.018556372,27
1.59E+09,b8:27:eb:bf:9d:51,0.004926209,50.9,false,0.007617594,false,0.020316591,22.6
1.59E+09,1c:bf:ce:15:ec:4d,0.004343508,78.30000305,true,0.006954528,false,0.018433343,27
1.59E+09,b8:27:eb:bf:9d:51,0.00494175,50.9,false,0.007634971,false,0.0203661,22.6
1.59E+09,00:0f:00:70:91:0a,0.002905015,75.90000153,false,0.005198697,false,0.013508733,19.70000076
1.59E+09,b8:27:eb:bf:9d:51,0.004960209,50.9,false,0.00765559,false,0.020424858,22.6
1.59E+09,1c:bf:ce:15:ec:4d,0.004391004,78.59999847,true,0.007009459,false,0.018588908,27
1.59E+09,00:0f:00:70:91:0a,0.002840089,76,false,0.005114383,false,0.013274837,19.79999924
1.59E+09,b8:27:eb:bf:9d:51,0.004913616,50.9,false,0.007603501,false,0.020276446,22.6
1.59E+09,b8:27:eb:bf:9d:51,0.00497454,50.9,false,0.007671585,false,0.020470444,22.7
1.59E+09,1c:bf:ce:15:ec:4d,0.004391004,78.30000305,true,0.007009459,false,0.018588908,27
1.59E+09,00:0f:00:70:91:0a,0.002872341,76,false,0.005156333,false,0.013391177,19.79999924
1.59E+09,b8:27:eb:bf:9d:51,0.004970285,50.9,false,0.007666837,false,0.020456911,22.7
1.59E+09,1c:bf:ce:15:ec:4d,0.004391004,78.19999695,true,0.007009459,false,0.018588908,27
1.59E+09,b8:27:eb:bf:9d:51,0.004975983,50.9,false,0.007673195,false,0.020475034,22.6
1.59E+09,00:0f:00:70:91:0a,0.002905015,75.90000153,false,0.005198697,false,0.013508733,19.70000076
1.59E+09,1c:bf:ce:15:ec:4d,0.004351369,78.19999695,true,0.006963631,false,0.018459116,27
1.59E+09,b8:27:eb:bf:9d:51,0.004941779,50.9,false,0.007635003,false,0.020366191,22.6
1.59E+09,b8:27:eb:bf:9d:51,0.004970256,50.9,false,0.007666805,false,0.02045682,22.6
1.59E+09,1c:bf:ce:15:ec:4d,0.004391004,78.40000153,true,0.007009459,false,0.018588908,27
1.59E+09,00:0f:00:70:91:0a,0.002872341,76,false,0.005156333,false,0.013391177,19.79999924
1.59E+09,b8:27:eb:bf:9d:51,0.004965923,50.9,false,0.007661969,false,0.020443038,22.6
1.59E+09,1c:bf:ce:15:ec:4d,0.004427186,78.69999695,true,0.007051194,false,0.018707159,27
1.59E+09,b8:27:eb:bf:9d:51,0.004954612,50.9,false,0.007649341,false,0.020407048,22.6
1.59E+09,00:0f:00:70:91:0a,0.002840089,75.90000153,false,0.005114383,false,0.013274837,19.70000076
1.59E+09,b8:27:eb:bf:9d:51,0.004988919,50.9,false,0.00768762,false,0.020516151,22.6
1.59E+09,1c:bf:ce:15:ec:4d,0.004357292,78.59999847,true,0.006970487,false,0.01847853,27
1.59E+09,00:0f:00:70:91:0a,0.002840089,76.19999695,false,0.005114383,false,0.013274837,19.79999924
1.59E+09,b8:27:eb:bf:9d:51,0.004967393,50.9,false,0.007663609,false,0.020447713,22.6
1.59E+09,1c:bf:ce:15:ec:4d,0.004383044,78.5,true,0.007000264,false,0.018562862,27
1.59E+09,b8:27:eb:bf:9d:51,0.004946006,50.9,false,0.007639727,false,0.020379652,22.6
1.59E+09,00:0f:00:70:91:0a,0.002905015,76.09999847,false,0.005198697,false,0.013508733,19.79999924
1.59E+09,b8:27:eb:bf:9d:51,0.004960424,50.9,false,0.007655831,false,0.020425543,22.6
1.59E+09,1c:bf:ce:15:ec:4d,0.004391004,78.40000153,true,0.007009459,false,0.018588908,27
1.59E+09,b8:27:eb:bf:9d:51,0.004946035,50.9,false,0.007639759,false,0.020379744,22.6
1.59E+09,1c:bf:ce:15:ec:4d,0.004395042,78.40000153,true,0.007014121,false,0.018602115,27
1.59E+09,00:0f:00:70:91:0a,0.002840089,76,false,0.005114383,false,0.013274837,19.79999924
1.59E+09,b8:27:eb:bf:9d:51,0.004986056,51,false,0.007684428,false,0.020507053,22.7
1.59E+09,b8:27:eb:bf:9d:51,0.004984649,51,false,0.00768286,false,0.020502582,22.7
1.59E+09,00:0f:00:70:91:0a,0.002880499,76,false,0.005166923,false,0.013420558,19.70000076
1.59E+09,1c:bf:ce:15:ec:4d,0.004391004,79.09999847,true,0.007009459,false,0.018588908,27
1.59E+09,b8:27:eb:bf:9d:51,0.004941779,51,false,0.007635003,false,0.020366191,22.7
1.59E+09,1c:bf:ce:15:ec:4d,0.004391004,78.19999695,true,0.007009459,false,0.018588908,27
1.59E+09,00:0f:00:70:91:0a,0.002905015,76,false,0.005198697,false,0.013508733,19.79999924
1.59E+09,b8:27:eb:bf:9d:51,0.00493755,50.9,false,0.007630276,false,0.020352724,22.7
1.59E+09,00:0f:00:70:91:0a,0.002840089,76.19999695,false,0.005114383,false,0.013274837,19.79999924
1.59E+09,b8:27:eb:bf:9d:51,0.004970256,50.9,false,0.007666805,false,0.02045682,22.6
1.59E+09,1c:bf:ce:15:ec:4d,0.004349402,78.30000305,true,0.006961354,false,0.018452669,27
1.59E+09,b8:27:eb:bf:9d:51,0.00494175,50.9,false,0.007634971,false,0.0203661,22.6
1.59E+09,1c:bf:ce:15:ec:4d,0.004359263,78.19999695,true,0.006972767,false,0.018484988,27
1.59E+09,00:0f:00:70:91:0a,0.002905015,76,false,0.005198697,false,0.013508733,19.70000076
1.59E+09,b8:27:eb:bf:9d:51,0.004926209,50.8,false,0.007617594,false,0.020316591,22.6
1.59E+09,1c:bf:ce:15:ec:4d,0.004451498,78.19999695,true,0.007079184,false,0.018786491,27
1.59E+09,00:0f:00:70:91:0a,0.002840089,76.19999695,false,0.005114383,false,0.013274837,19.79999924
1.59E+09,b8:27:eb:bf:9d:51,0.004964565,50.8,false,0.007660453,false,0.020438717,22.6
1.59E+09,b8:27:eb:bf:9d:51,0.004963087,50.8,false,0.007658803,false,0.020434015,22.6
1.59E+09,00:0f:00:70:91:0a,0.002872341,76,false,0.005156333,false,0.013391177,19.70000076
1.59E+09,1c:bf:ce:15:ec:4d,0.004451498,78.19999695,true,0.007079184,false,0.018786491,27
1.59E+09,b8:27:eb:bf:9d:51,0.004960361,50.9,false,0.00765576,false,0.020425342,22.6
1.59E+09,b8:27:eb:bf:9d:51,0.004966005,50.9,false,0.007662061,false,0.020443298,22.6
1.59E+09,00:0f:00:70:91:0a,0.002872341,76.09999847,false,0.005156333,false,0.013391177,19.79999924
1.59E+09,1c:bf:ce:15:ec:4d,0.004467861,78.19999695,true,0.007097999,false,0.01883983,27
1.59E+09,b8:27:eb:bf:9d:51,0.004976012,50.9,false,0.007673227,false,0.020475126,22.6
1.59E+09,00:0f:00:70:91:0a,0.002872341,76,false,0.005156333,false,0.013391177,19.79999924
1.59E+09,b8:27:eb:bf:9d:51,0.004999033,51,false,0.007698891,false,0.020548282,22.7
1.59E+09,1c:bf:ce:15:ec:4d,0.004439323,78.19999695,true,0.007065172,false,0.018746775,27
1.59E+09,00:0f:00:70:91:0a,0.002792826,76,false,0.005052672,false,0.013103809,19.79999924
1.59E+09,b8:27:eb:bf:9d:51,0.004927688,51,false,0.007619248,false,0.020321305,22.7
1.59E+09,00:0f:00:70:91:0a,0.002872341,76,false,0.005156333,false,0.013391177,19.70000076
1.59E+09,b8:27:eb:bf:9d:51,0.004965923,51,false,0.007661969,false,0.020443038,22.7
1.59E+09,1c:bf:ce:15:ec:4d,0.004459671,78,true,0.007088583,false,0.018813138,27
1.59E+09,b8:27:eb:bf:9d:51,0.004951806,51,false,0.007646207,false,0.020398118,22.6
1.59E+09,00:0f:00:70:91:0a,0.002840089,76.09999847,false,0.005114383,false,0.013274837,19.79999924
1.59E+09,1c:bf:ce:15:ec:4d,0.004427186,78,true,0.007051194,false,0.018707159,27
1.59E+09,b8:27:eb:bf:9d:51,0.004951673,51,false,0.007646058,false,0.020397693,22.6
1.59E+09,00:0f:00:70:91:0a,0.002840089,76.09999847,false,0.005114383,false,0.013274837,19.70000076
1.59E+09,b8:27:eb:bf:9d:51,0.00494175,51,false,0.007634971,false,0.0203661,22.7
1.59E+09,b8:27:eb:bf:9d:51,0.004946035,51,false,0.007639759,false,0.020379744,22.6
1.59E+09,1c:bf:ce:15:ec:4d,0.004391004,78,true,0.007009459,false,0.018588908,27
1.59E+09,00:0f:00:70:91:0a,0.002840089,76.09999847,false,0.005114383,false,0.013274837,19.70000076
1.59E+09,b8:27:eb:bf:9d:51,0.004980273,51,false,0.00767798,false,0.020488672,22.7
1.59E+09,00:0f:00:70:91:0a,0.002840089,76.09999847,false,0.005114383,false,0.013274837,19.70000076
1.59E+09,1c:bf:ce:15:ec:4d,0.004439323,78,true,0.007065172,false,0.018746775,27
1.59E+09,b8:27:eb:bf:9d:51,0.004987461,51,false,0.007685995,false,0.02051152,22.7
1.59E+09,00:0f:00:70:91:0a,0.002840089,76.09999847,false,0.005114383,false,0.013274837,19.79999924
1.59E+09,1c:bf:ce:15:ec:4d,0.004359263,77.90000153,true,0.006972767,false,0.018484988,27
1.59E+09,b8:27:eb:bf:9d:51,0.004991805,51,false,0.007690836,false,0.02052532,22.6
1.59E+09,00:0f:00:70:91:0a,0.002840089,76.09999847,false,0.005114383,false,0.013274837,19.70000076
1.59E+09,b8:27:eb:bf:9d:51,0.004943183,51,false,0.007636572,false,0.020370662,22.6
1.59E+09,1c:bf:ce:15:ec:4d,0.004391004,77.90000153,true,0.007009459,false,0.018588908,27
1.59E+09,b8:27:eb:bf:9d:51,0.004961647,51,false,0.007657197,false,0.020429436,22.7
1.59E+09,00:0f:00:70:91:0a,0.002840089,76.09999847,false,0.005114383,false,0.013274837,19.79999924
1.59E+09,b8:27:eb:bf:9d:51,0.004975983,51,false,0.007673195,false,0.020475034,22.7
1.59E+09,1c:bf:ce:15:ec:4d,0.004391004,78,true,0.007009459,false,0.018588908,27
1.59E+09,b8:27:eb:bf:9d:51,0.004967364,51,false,0.007663577,false,0.020447621,22.7
1.59E+09,00:0f:00:70:91:0a,0.002792826,76.19999695,false,0.005052672,false,0.013103809,19.79999924
1.59E+09,1c:bf:ce:15:ec:4d,0.004391004,77.90000153,true,0.007009459,false,0.018588908,27
1.59E+09,b8:27:eb:bf:9d:51,0.004963087,51,false,0.007658803,false,0.020434015,22.6
1.59E+09,00:0f:00:70:91:0a,0.002840089,76.19999695,false,0.005114383,false,0.013274837,19.70000076
1.59E+09,b8:27:eb:bf:9d:51,0.004990409,51,false,0.007689281,false,0.020520886,22.6
1.59E+09,00:0f:00:70:91:0a,0.002840089,76.19999695,false,0.005114383,false,0.013274837,19.79999924
1.59E+09,b8:27:eb:bf:9d:51,0.004965923,51,false,0.007661969,false,0.020443038,22.7
1.59E+09,b8:27:eb:bf:9d:51,0.004947492,51,false,0.007641387,false,0.020384384,22.6
1.59E+09,1c:bf:ce:15:ec:4d,0.004451498,77.90000153,true,0.007079184,false,0.018786491,27
1.59E+09,00:0f:00:70:91:0a,0.002840089,76.90000153,false,0.005114383,false,0.013274837,19.79999924
1.59E+09,b8:27:eb:bf:9d:51,0.004997519,50.9,false,0.007697204,false,0.020543474,22.6
1.59E+09,00:0f:00:70:91:0a,0.002840089,76.19999695,false,0.005114383,false,0.013274837,19.79999924
1.59E+09,b8:27:eb:bf:9d:51,0.005000431,50.9,false,0.007700449,false,0.020552724,22.6
1.59E+09,00:0f:00:70:91:0a,0.002840089,76.19999695,false,0.005114383,false,0.013274837,19.70000076
1.59E+09,b8:27:eb:bf:9d:51,0.004991805,51,false,0.007690836,false,0.02052532,22.7
1.59E+09,1c:bf:ce:15:ec:4d,0.004349402,77.80000305,true,0.006961354,false,0.018452669,27
1.59E+09,b8:27:eb:bf:9d:51,0.004943235,51,false,0.00763663,false,0.020370828,22.7
1.59E+09,00:0f:00:70:91:0a,0.002840089,76.19999695,false,0.005114383,false,0.013274837,19.70000076
1.59E+09,b8:27:eb:bf:9d:51,0.004993254,51,false,0.007692451,false,0.020529925,22.7
1.59E+09,1c:bf:ce:15:ec:4d,0.004451498,77.80000305,true,0.007079184,false,0.018786491,27
1.59E+09,b8:27:eb:bf:9d:51,0.004990367,51,false,0.007689234,false,0.020520753,22.7
1.59E+09,b8:27:eb:bf:9d:51,0.005000431,51,false,0.007700449,false,0.020552724,22.7
1.59E+09,00:0f:00:70:91:0a,0.002872341,76.40000153,false,0.005156333,false,0.013391177,19.70000076
1.59E+09,1c:bf:ce:15:ec:4d,0.004333721,77.80000305,true,0.006943189,false,0.018401241,27
1.59E+09,b8:27:eb:bf:9d:51,0.004997519,51,false,0.007697204,false,0.020543474,22.7
1.59E+09,00:0f:00:70:91:0a,0.002840089,76.30000305,false,0.005114383,false,0.013274837,19.70000076
1.59E+09,1c:bf:ce:15:ec:4d,0.004415088,77.80000305,true,0.007037249,false,0.018667642,27
1.59E+09,b8:27:eb:bf:9d:51,0.005006241,51,false,0.007706919,false,0.020571173,22.7
1.59E+09,b8:27:eb:bf:9d:51,0.005014938,51,false,0.007716603,false,0.020598783,22.7
1.59E+09,1c:bf:ce:15:ec:4d,0.004306515,78.90000153,true,0.00691163,false,0.018311911,27
1.59E+09,b8:27:eb:bf:9d:51,0.005026604,51,false,0.007729584,false,0.0206358,22.7
1.59E+09,00:0f:00:70:91:0a,0.002905015,76.09999847,false,0.005198697,false,0.013508733,19.70000076
1.59E+09,b8:27:eb:bf:9d:51,0.004991763,51,false,0.00769079,false,0.020525187,22.7
1.59E+09,1c:bf:ce:15:ec:4d,0.004451498,77.90000153,true,0.007079184,false,0.018786491,27
1.59E+09,00:0f:00:70:91:0a,0.002840089,76.09999847,false,0.005114383,false,0.013274837,19.79999924
1.59E+09,b8:27:eb:bf:9d:51,0.004990367,51,false,0.007689234,false,0.020520753,22.7
1.59E+09,1c:bf:ce:15:ec:4d,0.004415088,77.90000153,true,0.007037249,false,0.018667642,27
1.59E+09,00:0f:00:70:91:0a,0.002840089,76.09999847,false,0.005114383,false,0.013274837,19.70000076
1.59E+09,b8:27:eb:bf:9d:51,0.004981719,51,false,0.007679592,false,0.020493267,22.7
1.59E+09,b8:27:eb:bf:9d:51,0.005039661,51,false,0.007744104,false,0.020677211,22.6
1.59E+09,00:0f:00:70:91:0a,0.002792826,76.09999847,false,0.005052672,false,0.013103809,19.70000076
1.59E+09,1c:bf:ce:15:ec:4d,0.004517441,77.90000153,true,0.007154892,false,0.01900118,27
1.59E+09,b8:27:eb:bf:9d:51,0.004967364,51,false,0.007663577,false,0.020447621,22.6
1.59E+09,00:0f:00:70:91:0a,0.002840089,76.09999847,false,0.005114383,false,0.013274837,19.70000076
1.59E+09,1c:bf:ce:15:ec:4d,0.004451498,78,true,0.007079184,false,0.018786491,27
1.59E+09,b8:27:eb:bf:9d:51,0.004980273,51,false,0.00767798,false,0.020488672,22.6
1.59E+09,b8:27:eb:bf:9d:51,0.004965923,51,false,0.007661969,false,0.020443038,22.6
1.59E+09,b8:27:eb:bf:9d:51,0.005000431,51,false,0.007700449,false,0.020552724,22.7
1.59E+09,00:0f:00:70:91:0a,0.002840089,76,false,0.005114383,false,0.013274837,19.79999924
1.59E+09,b8:27:eb:bf:9d:51,0.004999062,51,false,0.007698923,false,0.020548375,22.7
1.59E+09,1c:bf:ce:15:ec:4d,0.004391004,78,true,0.007009459,false,0.018588908,27
1.59E+09,00:0f:00:70:91:0a,0.002840089,76.19999695,false,0.005114383,false,0.013274837,19.79999924
1.59E+09,b8:27:eb:bf:9d:51,0.004971645,51,false,0.007668355,false,0.020461238,22.7
1.59E+09,1c:bf:ce:15:ec:4d,0.004341545,78,true,0.006952255,false,0.018426906,27
1.59E+09,b8:27:eb:bf:9d:51,0.004958991,51,false,0.007654231,false,0.020420984,22.7
1.59E+09,00:0f:00:70:91:0a,0.002840089,76,false,0.005114383,false,0.013274837,19.70000076
1.59E+09,b8:27:eb:bf:9d:51,0.005006199,51,false,0.007706873,false,0.02057104,22.7
1.59E+09,1c:bf:ce:15:ec:4d,0.004459671,78.19999695,true,0.007088583,false,0.018813138,27
1.59E+09,00:0f:00:70:91:0a,0.002880499,76,false,0.005166923,false,0.013420558,19.70000076
1.59E+09,b8:27:eb:bf:9d:51,0.004981719,51,false,0.007679592,false,0.020493267,22.7
1.59E+09,1c:bf:ce:15:ec:4d,0.004492535,78.19999695,true,0.007126334,false,0.018920179,27
1.59E+09,00:0f:00:70:91:0a,0.002840089,76,false,0.005114383,false,0.013274837,19.70000076
1.59E+09,b8:27:eb:bf:9d:51,0.004986109,51,false,0.007684487,false,0.020507221,22.7
1.59E+09,1c:bf:ce:15:ec:4d,0.004439323,78.30000305,true,0.007065172,false,0.018746775,27.10000038
1.59E+09,b8:27:eb:bf:9d:51,0.004987503,51,false,0.007686042,false,0.020511652,22.7
1.59E+09,00:0f:00:70:91:0a,0.002840089,76,false,0.005114383,false,0.013274837,19.79999924
1.59E+09,b8:27:eb:bf:9d:51,0.004970256,51,false,0.007666805,false,0.02045682,22.7
1.59E+09,1c:bf:ce:15:ec:4d,0.004318122,78.19999695,true,0.006925101,false,0.018350039,27
1.59E+09,b8:27:eb:bf:9d:51,0.005003324,51,false,0.007703672,false,0.020561913,22.7
1.59E+09,00:0f:00:70:91:0a,0.002792826,75.80000305,false,0.005052672,false,0.013103809,19.79999924
1.59E+09,1c:bf:ce:15:ec:4d,0.004291028,78.09999847,true,0.006893641,false,0.018261005,27
1.59E+09,b8:27:eb:bf:9d:51,0.004999033,51,false,0.007698891,false,0.020548282,22.7
1.59E+09,1c:bf:ce:15:ec:4d,0.004341545,78.19999695,true,0.006952255,false,0.018426906,27.10000038
1.59E+09,b8:27:eb:bf:9d:51,0.004966005,51.1,false,0.007662061,false,0.020443298,22.7
1.59E+09,b8:27:eb:bf:9d:51,0.004965923,51.1,false,0.007661969,false,0.020443038,22.7
1.59E+09,00:0f:00:70:91:0a,0.002840089,75.40000153,false,0.005114383,false,0.013274837,19.79999924
1.59E+09,1c:bf:ce:15:ec:4d,0.004459671,78.09999847,true,0.007088583,false,0.018813138,27
1.59E+09,b8:27:eb:bf:9d:51,0.004997519,51.1,false,0.007697204,false,0.020543474,22.7
1.59E+09,1c:bf:ce:15:ec:4d,0.004341545,78.09999847,true,0.006952255,false,0.018426906,27
1.59E+09,b8:27:eb:bf:9d:51,0.004990396,51,false,0.007689266,false,0.020520845,22.7
1.59E+09,00:0f:00:70:91:0a,0.002840089,75.5,false,0.005114383,false,0.013274837,19.79999924
1.59E+09,b8:27:eb:bf:9d:51,0.005006199,51,false,0.007706873,false,0.02057104,22.7
1.59E+09,00:0f:00:70:91:0a,0.002840089,75.59999847,false,0.005114383,false,0.013274837,19.79999924
1.59E+09,b8:27:eb:bf:9d:51,0.004993256,51.1,false,0.007692454,false,0.020529932,22.7
1.59E+09,b8:27:eb:bf:9d:51,0.005004798,51.1,false,0.007705313,false,0.020566593,22.7
1.59E+09,b8:27:eb:bf:9d:51,0.005013474,51,false,0.007714973,false,0.020594137,22.6
1.59E+09,00:0f:00:70:91:0a,0.002840089,75.59999847,false,0.005114383,false,0.013274837,19.79999924
1.59E+09,1c:bf:ce:15:ec:4d,0.004351369,78.09999847,true,0.006963631,false,0.018459116,27
1.59E+09,b8:27:eb:bf:9d:51,0.005014896,51.1,false,0.007716556,false,0.02059865,22.7
1.59E+09,00:0f:00:70:91:0a,0.002840089,75.59999847,false,0.005114383,false,0.013274837,19.79999924
1.59E+09,1c:bf:ce:15:ec:4d,0.004391004,78,true,0.007009459,false,0.018588908,27
1.59E+09,b8:27:eb:bf:9d:51,0.004990367,51.1,false,0.007689234,false,0.020520753,22.7
1.59E+09,00:0f:00:70:91:0a,0.002840089,75.59999847,false,0.005114383,false,0.013274837,19.79999924
1.59E+09,1c:bf:ce:15:ec:4d,0.004341545,78,true,0.006952255,false,0.018426906,27
1.59E+09,b8:27:eb:bf:9d:51,0.004997519,51.1,false,0.007697204,false,0.020543474,22.7
1.59E+09,00:0f:00:70:91:0a,0.002792826,75.80000305,false,0.005052672,false,0.013103809,19.79999924
1.59E+09,b8:27:eb:bf:9d:51,0.004981719,51.1,false,0.007679592,false,0.020493267,22.6
1.59E+09,00:0f:00:70:91:0a,0.002746464,75.59999847,false,0.004991855,false,0.012935399,19.79999924
1.59E+09,b8:27:eb:bf:9d:51,0.005004798,51.1,false,0.007705313,false,0.020566593,22.7
1.59E+09,1c:bf:ce:15:ec:4d,0.004341545,78,true,0.006952255,false,0.018426906,27
1.59E+09,b8:27:eb:bf:9d:51,0.004994671,51.1,false,0.007694031,false,0.020534428,22.6
1.59E+09,1c:bf:ce:15:ec:4d,0.004302587,78,true,0.00690707,false,0.018299006,27
1.59E+09,b8:27:eb:bf:9d:51,0.005020725,51.1,false,0.007723043,false,0.020617148,22.6
1.59E+09,00:0f:00:70:91:0a,0.002840089,75.5,false,0.005114383,false,0.013274837,19.79999924
1.59E+09,b8:27:eb:bf:9d:51,0.004965923,51.1,false,0.007661969,false,0.020443038,22.6
1.59E+09,00:0f:00:70:91:0a,0.002840089,75.30000305,false,0.005114383,false,0.013274837,19.79999924
1.59E+09,1c:bf:ce:15:ec:4d,0.004341545,78.19999695,true,0.006952255,false,0.018426906,27
1.59E+09,b8:27:eb:bf:9d:51,0.004967498,51.1,false,0.007663727,false,0.020448047,22.7
1.59E+09,b8:27:eb:bf:9d:51,0.004981719,51.1,false,0.007679592,false,0.020493267,22.6
1.59E+09,00:0f:00:70:91:0a,0.002840089,75.19999695,false,0.005114383,false,0.013274837,19.70000076
1.59E+09,1c:bf:ce:15:ec:4d,0.004439323,78.40000153,true,0.007065172,false,0.018746775,27
1.59E+09,b8:27:eb:bf:9d:51,0.005009117,51.1,false,0.007710122,false,0.020580305,22.6
1.59E+09,00:0f:00:70:91:0a,0.002840089,75.30000305,false,0.005114383,false,0.013274837,19.79999924
1.59E+09,b8:27:eb:bf:9d:51,0.004997519,51.2,false,0.007697204,false,0.020543474,22.7
1.59E+09,1c:bf:ce:15:ec:4d,0.004341545,78.5,true,0.006952255,false,0.018426906,27
1.59E+09,b8:27:eb:bf:9d:51,0.004986014,51.2,false,0.007684382,false,0.02050692,22.7
1.59E+09,b8:27:eb:bf:9d:51,0.00495602,51.1,false,0.007650913,false,0.020411529,22.6
1.59E+09,00:0f:00:70:91:0a,0.002840089,75.19999695,false,0.005114383,false,0.013274837,19.70000076
1.59E+09,1c:bf:ce:15:ec:4d,0.004371186,78.5,true,0.006986559,false,0.018524044,27
1.59E+09,b8:27:eb:bf:9d:51,0.004988856,51.1,false,0.00768755,false,0.020515952,22.6
1.59E+09,00:0f:00:70:91:0a,0.002840089,75.19999695,false,0.005114383,false,0.013274837,19.79999924
1.59E+09,b8:27:eb:bf:9d:51,0.004988856,51.1,false,0.00768755,false,0.020515952,22.6
1.59E+09,00:0f:00:70:91:0a,0.002840089,75.30000305,false,0.005114383,false,0.013274837,19.79999924
1.59E+09,1c:bf:ce:15:ec:4d,0.004351369,78.5,true,0.006963631,false,0.018459116,27
1.59E+09,b8:27:eb:bf:9d:51,0.004994671,51.1,false,0.007694031,false,0.020534428,22.6
1.59E+09,00:0f:00:70:91:0a,0.002840089,75.19999695,false,0.005114383,false,0.013274837,19.70000076
1.59E+09,b8:27:eb:bf:9d:51,0.004991763,51.1,false,0.00769079,false,0.020525187,22.6
1.59E+09,1c:bf:ce:15:ec:4d,0.004341545,78.30000305,true,0.006952255,false,0.018426906,27
1.59E+09,b8:27:eb:bf:9d:51,0.004977374,51.1,false,0.007674747,false,0.020479456,22.6
1.59E+09,00:0f:00:70:91:0a,0.002840089,75.19999695,false,0.005114383,false,0.013274837,19.70000076
1.59E+09,1c:bf:ce:15:ec:4d,0.004367173,78.80000305,true,0.006981918,false,0.018510903,27
1.59E+09,b8:27:eb:bf:9d:51,0.004991763,51.1,false,0.00769079,false,0.020525187,22.6
1.59E+09,00:0f:00:70:91:0a,0.002840089,75.19999695,false,0.005114383,false,0.013274837,19.70000076
1.59E+09,b8:27:eb:bf:9d:51,0.004988919,51.1,false,0.00768762,false,0.020516151,22.6
1.59E+09,b8:27:eb:bf:9d:51,0.004973087,51.1,false,0.007669964,false,0.020465825,22.6
1.59E+09,1c:bf:ce:15:ec:4d,0.004359263,79.30000305,true,0.006972767,false,0.018484988,27
1.59E+09,b8:27:eb:bf:9d:51,0.005000431,51.1,false,0.007700449,false,0.020552724,22.6
1.59E+09,00:0f:00:70:91:0a,0.002840089,75.09999847,false,0.005114383,false,0.013274837,19.70000076
1.59E+09,1c:bf:ce:15:ec:4d,0.004341545,79.09999847,true,0.006952255,false,0.018426906,27
1.59E+09,b8:27:eb:bf:9d:51,0.004961647,51.1,false,0.007657197,false,0.020429436,22.6
1.59E+09,00:0f:00:70:91:0a,0.002840089,75.09999847,false,0.005114383,false,0.013274837,19.70000076
1.59E+09,b8:27:eb:bf:9d:51,0.004991805,51.1,false,0.007690836,false,0.02052532,22.6
1.59E+09,1c:bf:ce:15:ec:4d,0.004343508,78.80000305,true,0.006954528,false,0.018433343,27
1.59E+09,00:0f:00:70:91:0a,0.002840089,75.09999847,false,0.005114383,false,0.013274837,19.70000076
1.59E+09,b8:27:eb:bf:9d:51,0.004986014,51,false,0.007684382,false,0.02050692,22.6
1.59E+09,b8:27:eb:bf:9d:51,0.004994671,51,false,0.007694031,false,0.020534428,22.6
1.59E+09,1c:bf:ce:15:ec:4d,0.004343508,78.30000305,true,0.006954528,false,0.018433343,27
1.59E+09,00:0f:00:70:91:0a,0.002840089,75,false,0.005114383,false,0.013274837,19.70000076
1.59E+09,b8:27:eb:bf:9d:51,0.00498462,50.9,false,0.007682828,false,0.02050249,22.6
1.59E+09,1c:bf:ce:15:ec:4d,0.004383044,78.69999695,true,0.007000264,false,0.018562862,27
1.59E+09,00:0f:00:70:91:0a,0.002840089,75,false,0.005114383,false,0.013274837,19.70000076
1.59E+09,b8:27:eb:bf:9d:51,0.005000431,50.9,false,0.007700449,false,0.020552724,22.6
1.59E+09,1c:bf:ce:15:ec:4d,0.004333721,78.19999695,true,0.006943189,false,0.018401241,27
1.59E+09,b8:27:eb:bf:9d:51,0.004983112,50.7,false,0.007681145,false,0.020497694,22.6
1.59E+09,00:0f:00:70:91:0a,0.002840089,75.09999847,false,0.005114383,false,0.013274837,19.70000076
1.59E+09,b8:27:eb:bf:9d:51,0.004991763,50.5,false,0.00769079,false,0.020525187,22.6
1.59E+09,1c:bf:ce:15:ec:4d,0.004341545,78,true,0.006952255,false,0.018426906,27
1.59E+09,00:0f:00:70:91:0a,0.002840089,75.09999847,false,0.005114383,false,0.013274837,19.70000076
1.59E+09,b8:27:eb:bf:9d:51,0.004986014,50.4,false,0.007684382,false,0.02050692,22.6
1.59E+09,1c:bf:ce:15:ec:4d,0.004341545,78,true,0.006952255,false,0.018426906,27
1.59E+09,b8:27:eb:bf:9d:51,0.004961647,50.3,false,0.007657197,false,0.020429436,22.6
1.59E+09,00:0f:00:70:91:0a,0.002840089,75.19999695,false,0.005114383,false,0.013274837,19.70000076
1.59E+09,1c:bf:ce:15:ec:4d,0.004341545,78,true,0.006952255,false,0.018426906,27
1.59E+09,b8:27:eb:bf:9d:51,0.004967393,50.2,false,0.007663609,false,0.020447713,22.6
1.59E+09,00:0f:00:70:91:0a,0.002746464,75.19999695,false,0.004991855,false,0.012935399,19.70000076
1.59E+09,b8:27:eb:bf:9d:51,0.004987588,50.1,false,0.007686136,false,0.02051192,22.6
1.59E+09,1c:bf:ce:15:ec:4d,0.004302587,78,true,0.00690707,false,0.018299006,27
1.59E+09,b8:27:eb:bf:9d:51,0.004967364,50,false,0.007663577,false,0.020447621,22.6
1.59E+09,00:0f:00:70:91:0a,0.002840089,75.09999847,false,0.005114383,false,0.013274837,19.70000076
1.59E+09,b8:27:eb:bf:9d:51,0.004971645,50,false,0.007668355,false,0.020461238,22.6
1.59E+09,00:0f:00:70:91:0a,0.002840089,75.19999695,false,0.005114383,false,0.013274837,19.70000076
1.59E+09,1c:bf:ce:15:ec:4d,0.004302587,78,true,0.00690707,false,0.018299006,27
1.59E+09,b8:27:eb:bf:9d:51,0.004975983,49.9,false,0.007673195,false,0.020475034,22.5
1.59E+09,b8:27:eb:bf:9d:51,0.00494744,49.9,false,0.007641329,false,0.020384218,22.5
1.59E+09,1c:bf:ce:15:ec:4d,0.004302587,78,true,0.00690707,false,0.018299006,27
1.59E+09,00:0f:00:70:91:0a,0.002840089,75.19999695,false,0.005114383,false,0.013274837,19.70000076
1.59E+09,b8:27:eb:bf:9d:51,0.004971645,49.7,false,0.007668355,false,0.020461238,22.5
1.59E+09,1c:bf:ce:15:ec:4d,0.004298763,78,true,0.006902628,false,0.018286437,27
1.59E+09,00:0f:00:70:91:0a,0.002840089,75.19999695,false,0.005114383,false,0.013274837,19.70000076
1.59E+09,b8:27:eb:bf:9d:51,0.004980273,49.7,false,0.00767798,false,0.020488672,22.5
1.59E+09,00:0f:00:70:91:0a,0.002746464,75.19999695,false,0.004991855,false,0.012935399,19.70000076
1.59E+09,b8:27:eb:bf:9d:51,0.005000431,49.7,false,0.007700449,false,0.020552724,22.5
1.59E+09,1c:bf:ce:15:ec:4d,0.004302587,78.09999847,true,0.00690707,false,0.018299006,27
1.59E+09,b8:27:eb:bf:9d:51,0.004970256,49.6,false,0.007666805,false,0.02045682,22.5
1.59E+09,1c:bf:ce:15:ec:4d,0.004302587,78.09999847,true,0.00690707,false,0.018299006,27
1.59E+09,b8:27:eb:bf:9d:51,0.004980273,49.5,false,0.00767798,false,0.020488672,22.5
1.59E+09,1c:bf:ce:15:ec:4d,0.004245145,78.09999847,true,0.006840238,false,0.018109938,27
1.59E+09,b8:27:eb:bf:9d:51,0.004978819,49.5,false,0.007676358,false,0.020484049,22.5
1.59E+09,b8:27:eb:bf:9d:51,0.004975983,49.5,false,0.007673195,false,0.020475034,22.5
1.59E+09,b8:27:eb:bf:9d:51,0.004980273,49.6,false,0.00767798,false,0.020488672,22.5
1.59E+09,00:0f:00:70:91:0a,0.002840089,74.90000153,false,0.005114383,false,0.013274837,19.70000076
1.59E+09,1c:bf:ce:15:ec:4d,0.004279504,78.09999847,true,0.006880243,false,0.018223098,27
1.59E+09,b8:27:eb:bf:9d:51,0.004973087,49.6,false,0.007669964,false,0.020465825,22.4
1.59E+09,00:0f:00:70:91:0a,0.002840089,75,false,0.005114383,false,0.013274837,19.70000076
1.59E+09,b8:27:eb:bf:9d:51,0.004996121,49.7,false,0.007695647,false,0.020539035,22.5
1.59E+09,00:0f:00:70:91:0a,0.002840089,74.80000305,false,0.005114383,false,0.013274837,19.70000076
1.59E+09,1c:bf:ce:15:ec:4d,0.004268016,78,true,0.006866877,false,0.018185284,27
1.59E+09,b8:27:eb:bf:9d:51,0.004986014,49.6,false,0.007684382,false,0.02050692,22.5
1.59E+09,1c:bf:ce:15:ec:4d,0.004302587,78,true,0.00690707,false,0.018299006,27
1.59E+09,b8:27:eb:bf:9d:51,0.004977374,49.5,false,0.007674747,false,0.020479456,22.4
1.59E+09,00:0f:00:70:91:0a,0.002792826,74.90000153,false,0.005052672,false,0.013103809,19.70000076
1.59E+09,1c:bf:ce:15:ec:4d,0.004302587,78,true,0.00690707,false,0.018299006,27
1.59E+09,b8:27:eb:bf:9d:51,0.005006199,49.5,false,0.007706873,false,0.02057104,22.5
1.59E+09,b8:27:eb:bf:9d:51,0.004991858,49.4,false,0.007690895,false,0.020525489,22.4
1.59E+09,00:0f:00:70:91:0a,0.002792826,74.80000305,false,0.005052672,false,0.013103809,19.70000076
1.59E+09,1c:bf:ce:15:ec:4d,0.004302587,77.90000153,true,0.00690707,false,0.018299006,27
1.59E+09,b8:27:eb:bf:9d:51,0.004986014,49.4,false,0.007684382,false,0.02050692,22.4
1.59E+09,00:0f:00:70:91:0a,0.002840089,74.80000305,false,0.005114383,false,0.013274837,19.70000076
1.59E+09,b8:27:eb:bf:9d:51,0.005023652,49.3,false,0.007726301,false,0.020626438,22.4
1.59E+09,00:0f:00:70:91:0a,0.002840089,74.90000153,false,0.005114383,false,0.013274837,19.70000076
1.59E+09,1c:bf:ce:15:ec:4d,0.004310347,77.80000305,true,0.006916078,false,0.018324501,27
1.59E+09,b8:27:eb:bf:9d:51,0.004996121,49.3,false,0.007695647,false,0.020539035,22.4
1.59E+09,00:0f:00:70:91:0a,0.002840089,74.80000305,false,0.005114383,false,0.013274837,19.70000076
1.59E+09,b8:27:eb:bf:9d:51,0.005000431,49.3,false,0.007700449,false,0.020552724,22.4
1.59E+09,1c:bf:ce:15:ec:4d,0.004333721,77.80000305,true,0.006943189,false,0.018401241,27
1.59E+09,b8:27:eb:bf:9d:51,0.004963087,49.2,false,0.007658803,false,0.020434015,22.4
1.59E+09,00:0f:00:70:91:0a,0.002840089,74.69999695,false,0.005114383,false,0.013274837,19.60000038
1.59E+09,b8:27:eb:bf:9d:51,0.004980273,49.1,false,0.00767798,false,0.020488672,22.4
1.59E+09,00:0f:00:70:91:0a,0.002840089,74.69999695,false,0.005114383,false,0.013274837,19.70000076
1.59E+09,1c:bf:ce:15:ec:4d,0.004318122,77.69999695,true,0.006925101,false,0.018350039,27
1.59E+09,b8:27:eb:bf:9d:51,0.004973087,49.2,false,0.007669964,false,0.020465825,22.4
1.59E+09,b8:27:eb:bf:9d:51,0.004987503,49.2,false,0.007686042,false,0.020511652,22.4
1.59E+09,1c:bf:ce:15:ec:4d,0.004341545,77.59999847,true,0.006952255,false,0.018426906,27
1.59E+09,b8:27:eb:bf:9d:51,0.004971645,49.3,false,0.007668355,false,0.020461238,22.4
1.59E+09,00:0f:00:70:91:0a,0.002840089,74.69999695,false,0.005114383,false,0.013274837,19.60000038
1.59E+09,b8:27:eb:bf:9d:51,0.004987588,49.2,false,0.007686136,false,0.02051192,22.3
1.59E+09,1c:bf:ce:15:ec:4d,0.004291028,77.59999847,true,0.006893641,false,0.018261005,27
1.59E+09,b8:27:eb:bf:9d:51,0.004981719,49.3,false,0.007679592,false,0.020493267,22.4
1.59E+09,00:0f:00:70:91:0a,0.002840089,74.69999695,false,0.005114383,false,0.013274837,19.60000038
1.59E+09,1c:bf:ce:15:ec:4d,0.004291028,77.59999847,true,0.006893641,false,0.018261005,27
1.59E+09,b8:27:eb:bf:9d:51,0.005029451,49.2,false,0.007732751,false,0.020644832,22.3
1.59E+09,00:0f:00:70:91:0a,0.002840089,74.80000305,false,0.005114383,false,0.013274837,19.60000038
1.59E+09,1c:bf:ce:15:ec:4d,0.004302587,77.69999695,true,0.00690707,false,0.018299006,27
1.59E+09,b8:27:eb:bf:9d:51,0.005026604,49.2,false,0.007729584,false,0.0206358,22.3
1.59E+09,00:0f:00:70:91:0a,0.002840089,74.80000305,false,0.005114383,false,0.013274837,19.60000038
1.59E+09,1c:bf:ce:15:ec:4d,0.004312293,77.80000305,true,0.006918337,false,0.018330895,27
1.59E+09,b8:27:eb:bf:9d:51,0.004997561,49.2,false,0.007697251,false,0.020543607,22.3
1.59E+09,00:0f:00:70:91:0a,0.002840089,74.80000305,false,0.005114383,false,0.013274837,19.60000038
1.59E+09,1c:bf:ce:15:ec:4d,0.004302587,77.80000305,true,0.00690707,false,0.018299006,27
1.59E+09,b8:27:eb:bf:9d:51,0.004994671,49.1,false,0.007694031,false,0.020534428,22.3
1.59E+09,b8:27:eb:bf:9d:51,0.004997519,49.1,false,0.007697204,false,0.020543474,22.3
1.59E+09,1c:bf:ce:15:ec:4d,0.004302587,77.90000153,true,0.00690707,false,0.018299006,27
1.59E+09,b8:27:eb:bf:9d:51,0.005014938,49.1,false,0.007716603,false,0.020598783,22.3
1.59E+09,00:0f:00:70:91:0a,0.002840089,74.69999695,false,0.005114383,false,0.013274837,19.60000038
1.59E+09,1c:bf:ce:15:ec:4d,0.004302587,77.90000153,true,0.00690707,false,0.018299006,27
1.59E+09,b8:27:eb:bf:9d:51,0.005000431,49.1,false,0.007700449,false,0.020552724,22.3
1.59E+09,00:0f:00:70:91:0a,0.002840089,74.80000305,false,0.005114383,false,0.013274837,19.60000038
1.59E+09,b8:27:eb:bf:9d:51,0.004975983,49.1,false,0.007673195,false,0.020475034,22.3
1.59E+09,1c:bf:ce:15:ec:4d,0.004318122,78,true,0.006925101,false,0.018350039,27
1.59E+09,b8:27:eb:bf:9d:51,0.005007697,49.1,false,0.007708541,false,0.020575797,22.3
1.59E+09,00:0f:00:70:91:0a,0.002840089,74.69999695,false,0.005114383,false,0.013274837,19.60000038
1.59E+09,1c:bf:ce:15:ec:4d,0.004302587,78,true,0.00690707,false,0.018299006,27
1.59E+09,b8:27:eb:bf:9d:51,0.004987461,49.1,false,0.007685995,false,0.02051152,22.3
1.59E+09,b8:27:eb:bf:9d:51,0.004976012,49.1,false,0.007673227,false,0.020475126,22.3
1.59E+09,1c:bf:ce:15:ec:4d,0.004310347,78.09999847,true,0.006916078,false,0.018324501,27
1.59E+09,00:0f:00:70:91:0a,0.002840089,74.80000305,false,0.005114383,false,0.013274837,19.60000038
1.59E+09,b8:27:eb:bf:9d:51,0.004961647,49.1,false,0.007657197,false,0.020429436,22.3
1.59E+09,1c:bf:ce:15:ec:4d,0.004333721,78,true,0.006943189,false,0.018401241,27
1.59E+09,b8:27:eb:bf:9d:51,0.004983112,49.1,false,0.007681145,false,0.020497694,22.3
1.59E+09,00:0f:00:70:91:0a,0.002840089,74.80000305,false,0.005114383,false,0.013274837,19.60000038
1.59E+09,b8:27:eb:bf:9d:51,0.005010614,49.1,false,0.007711789,false,0.020585057,22.3
1.59E+09,1c:bf:ce:15:ec:4d,0.004333721,78,true,0.006943189,false,0.018401241,27
1.59E+09,b8:27:eb:bf:9d:51,0.004975983,49,false,0.007673195,false,0.020475034,22.3
1.59E+09,00:0f:00:70:91:0a,0.002840089,74.80000305,false,0.005114383,false,0.013274837,19.60000038
1.59E+09,b8:27:eb:bf:9d:51,0.005010616,49,false,0.007711791,false,0.020585064,22.3
1.59E+09,b8:27:eb:bf:9d:51,0.004956142,48.9,false,0.007651049,false,0.020411917,22.2
1.59E+09,00:0f:00:70:91:0a,0.002840089,74.90000153,false,0.005114383,false,0.013274837,19.60000038
1.59E+09,1c:bf:ce:15:ec:4d,0.004341545,77.90000153,true,0.006952255,false,0.018426906,27
1.59E+09,b8:27:eb:bf:9d:51,0.00498176,48.9,false,0.007679638,false,0.0204934,22.3
1.59E+09,00:0f:00:70:91:0a,0.002840089,74.80000305,false,0.005114383,false,0.013274837,19.60000038
1.59E+09,b8:27:eb:bf:9d:51,0.005009117,48.9,false,0.007710122,false,0.020580305,22.3
1.59E+09,1c:bf:ce:15:ec:4d,0.004341545,77.90000153,true,0.006952255,false,0.018426906,27
1.59E+09,b8:27:eb:bf:9d:51,0.004991763,48.9,false,0.00769079,false,0.020525187,22.2
1.59E+09,1c:bf:ce:15:ec:4d,0.004333721,77.90000153,true,0.006943189,false,0.018401241,27
1.59E+09,00:0f:00:70:91:0a,0.002840089,74.69999695,false,0.005114383,false,0.013274837,19.60000038
1.59E+09,b8:27:eb:bf:9d:51,0.004990367,48.9,false,0.007689234,false,0.020520753,22.2
1.59E+09,1c:bf:ce:15:ec:4d,0.004341545,78,true,0.006952255,false,0.018426906,27
1.59E+09,b8:27:eb:bf:9d:51,0.004976012,48.8,false,0.007673227,false,0.020475126,22.2
1.59E+09,00:0f:00:70:91:0a,0.002840089,74.69999695,false,0.005114383,false,0.013274837,19.60000038
1.59E+09,b8:27:eb:bf:9d:51,0.004977374,48.9,false,0.007674747,false,0.020479456,22.2
1.59E+09,1c:bf:ce:15:ec:4d,0.004341545,77.40000153,true,0.006952255,false,0.018426906,27
1.59E+09,00:0f:00:70:91:0a,0.002840089,74.69999695,false,0.005114383,false,0.013274837,19.60000038
1.59E+09,b8:27:eb:bf:9d:51,0.004983112,48.8,false,0.007681145,false,0.020497694,22.2
1.59E+09,1c:bf:ce:15:ec:4d,0.004322066,78,true,0.006929676,false,0.018362987,27
1.59E+09,b8:27:eb:bf:9d:51,0.005000431,48.9,false,0.007700449,false,0.020552724,22.2
1.59E+09,00:0f:00:70:91:0a,0.002840089,74.69999695,false,0.005114383,false,0.013274837,19.60000038
1.59E+09,b8:27:eb:bf:9d:51,0.004983112,48.9,false,0.007681145,false,0.020497694,22.2
1.59E+09,1c:bf:ce:15:ec:4d,0.004341545,78.19999695,true,0.006952255,false,0.018426906,27
1.59E+09,00:0f:00:70:91:0a,0.002840089,74.69999695,false,0.005114383,false,0.013274837,19.60000038
1.59E+09,b8:27:eb:bf:9d:51,0.004981719,48.9,false,0.007679592,false,0.020493267,22.2
1.59E+09,00:0f:00:70:91:0a,0.002840089,74.80000305,false,0.005114383,false,0.013274837,19.60000038
1.59E+09,b8:27:eb:bf:9d:51,0.005029451,48.9,false,0.007732751,false,0.020644832,22.2
1.59E+09,1c:bf:ce:15:ec:4d,0.004343508,78,true,0.006954528,false,0.018433343,27
1.59E+09,b8:27:eb:bf:9d:51,0.004999033,48.8,false,0.007698891,false,0.020548282,22.2
1.59E+09,00:0f:00:70:91:0a,0.002840089,74.19999695,false,0.005114383,false,0.013274837,19.60000038
1.59E+09,b8:27:eb:bf:9d:51,0.005000431,48.8,false,0.007700449,false,0.020552724,22.2
1.59E+09,00:0f:00:70:91:0a,0.002792826,75.09999847,false,0.005052672,false,0.013103809,19.60000038
1.59E+09,b8:27:eb:bf:9d:51,0.004986014,48.9,false,0.007684382,false,0.02050692,22.2
1.59E+09,1c:bf:ce:15:ec:4d,0.004325914,78.09999847,true,0.006934138,false,0.018375619,27
1.59E+09,b8:27:eb:bf:9d:51,0.004951673,48.9,false,0.007646058,false,0.020397693,22.2
1.59E+09,00:0f:00:70:91:0a,0.002746464,74.90000153,false,0.004991855,false,0.012935399,19.60000038
1.59E+09,b8:27:eb:bf:9d:51,0.004961647,48.8,false,0.007657197,false,0.020429436,22.2
1.59E+09,1c:bf:ce:15:ec:4d,0.004318122,78,true,0.006925101,false,0.018350039,27
1.59E+09,00:0f:00:70:91:0a,0.002840089,74.59999847,false,0.005114383,false,0.013274837,19.60000038
1.59E+09,b8:27:eb:bf:9d:51,0.004991858,48.8,false,0.007690895,false,0.020525489,22.2
1.59E+09,b8:27:eb:bf:9d:51,0.004970285,48.8,false,0.007666837,false,0.020456911,22.2
1.59E+09,b8:27:eb:bf:9d:51,0.004978916,48.8,false,0.007676466,false,0.020484357,22.2
1.59E+09,1c:bf:ce:15:ec:4d,0.004291028,77.90000153,true,0.006893641,false,0.018261005,27
1.59E+09,00:0f:00:70:91:0a,0.002840089,74.59999847,false,0.005114383,false,0.013274837,19.60000038
1.59E+09,b8:27:eb:bf:9d:51,0.004980426,48.8,false,0.00767815,false,0.020489157,22.2
1.59E+09,00:0f:00:70:91:0a,0.002840089,74.59999847,false,0.005114383,false,0.013274837,19.5
1.59E+09,b8:27:eb:bf:9d:51,0.004968983,48.8,false,0.007665384,false,0.02045277,22.2
1.59E+09,00:0f:00:70:91:0a,0.002840089,74.5,false,0.005114383,false,0.013274837,19.5
1.59E+09,b8:27:eb:bf:9d:51,0.004981719,48.8,false,0.007679592,false,0.020493267,22.1
1.59E+09,1c:bf:ce:15:ec:4d,0.004302587,77.80000305,true,0.00690707,false,0.018299006,27
1.59E+09,00:0f:00:70:91:0a,0.002792826,74.5,false,0.005052672,false,0.013103809,19.5
1.59E+09,b8:27:eb:bf:9d:51,0.004996121,48.8,false,0.007695647,false,0.020539035,22.1
1.59E+09,1c:bf:ce:15:ec:4d,0.004310347,77.80000305,true,0.006916078,false,0.018324501,27
1.59E+09,b8:27:eb:bf:9d:51,0.004983112,48.8,false,0.007681145,false,0.020497694,22.1
1.59E+09,b8:27:eb:bf:9d:51,0.004997519,48.8,false,0.007697204,false,0.020543474,22.1
1.59E+09,1c:bf:ce:15:ec:4d,0.004310347,77.90000153,true,0.006916078,false,0.018324501,27
1.59E+09,00:0f:00:70:91:0a,0.002840089,74.5,false,0.005114383,false,0.013274837,19.5
1.59E+09,b8:27:eb:bf:9d:51,0.004970256,48.8,false,0.007666805,false,0.02045682,22.1
1.59E+09,00:0f:00:70:91:0a,0.002840089,74.5,false,0.005114383,false,0.013274837,19.5
1.59E+09,b8:27:eb:bf:9d:51,0.004987559,48.8,false,0.007686103,false,0.020511828,22.1
1.59E+09,b8:27:eb:bf:9d:51,0.005006241,48.8,false,0.007706919,false,0.020571173,22.1
1.59E+09,00:0f:00:70:91:0a,0.002840089,74.59999847,false,0.005114383,false,0.013274837,19.5
1.59E+09,b8:27:eb:bf:9d:51,0.005006199,48.8,false,0.007706873,false,0.02057104,22.1
1.59E+09,1c:bf:ce:15:ec:4d,0.004291028,78,true,0.006893641,false,0.018261005,27
1.59E+09,00:0f:00:70:91:0a,0.002840089,74.5,false,0.005114383,false,0.013274837,19.5
1.59E+09,b8:27:eb:bf:9d:51,0.004963262,48.8,false,0.007658999,false,0.020434573,22.1
1.59E+09,b8:27:eb:bf:9d:51,0.004991763,48.8,false,0.00769079,false,0.020525187,22.1
1.59E+09,00:0f:00:70:91:0a,0.002840089,74.80000305,false,0.005114383,false,0.013274837,19.5
1.59E+09,1c:bf:ce:15:ec:4d,0.004318122,78.09999847,true,0.006925101,false,0.018350039,27
1.59E+09,b8:27:eb:bf:9d:51,0.005000431,48.8,false,0.007700449,false,0.020552724,22.1
1.59E+09,00:0f:00:70:91:0a,0.002840089,74.59999847,false,0.005114383,false,0.013274837,19.5
1.59E+09,b8:27:eb:bf:9d:51,0.005000431,48.8,false,0.007700449,false,0.020552724,22.1
1.59E+09,00:0f:00:70:91:0a,0.002792826,74.69999695,false,0.005052672,false,0.013103809,19.5
1.59E+09,b8:27:eb:bf:9d:51,0.00499186,48.8,false,0.007690898,false,0.020525496,22.1
1.59E+09,1c:bf:ce:15:ec:4d,0.004245145,78.19999695,true,0.006840238,false,0.018109938,27
1.59E+09,b8:27:eb:bf:9d:51,0.004996121,48.8,false,0.007695647,false,0.020539035,22.1
1.59E+09,b8:27:eb:bf:9d:51,0.004994671,48.8,false,0.007694031,false,0.020534428,22.1
1.59E+09,00:0f:00:70:91:0a,0.002840089,74.69999695,false,0.005114383,false,0.013274837,19.5
1.59E+09,1c:bf:ce:15:ec:4d,0.004302587,78.80000305,true,0.00690707,false,0.018299006,27
1.59E+09,b8:27:eb:bf:9d:51,0.005007745,48.8,false,0.007708594,false,0.020575948,22.1
1.59E+09,b8:27:eb:bf:9d:51,0.005038194,48.8,false,0.007742474,false,0.02067256,22.1
1.59E+09,1c:bf:ce:15:ec:4d,0.004318122,78.90000153,true,0.006925101,false,0.018350039,27.10000038
1.59E+09,00:0f:00:70:91:0a,0.002840089,74.5,false,0.005114383,false,0.013274837,19.5
1.59E+09,b8:27:eb:bf:9d:51,0.005025115,48.7,false,0.007727928,false,0.020631076,22.1
1.59E+09,1c:bf:ce:15:ec:4d,0.004341545,79,true,0.006952255,false,0.018426906,27.10000038
1.59E+09,b8:27:eb:bf:9d:51,0.005004798,48.8,false,0.007705313,false,0.020566593,22.1
1.59E+09,1c:bf:ce:15:ec:4d,0.004325914,78.80000305,true,0.006934138,false,0.018375619,27
1.59E+09,b8:27:eb:bf:9d:51,0.004993256,48.8,false,0.007692454,false,0.020529932,22.1
1.59E+09,00:0f:00:70:91:0a,0.002872341,74.59999847,false,0.005156333,false,0.013391177,19.5
1.59E+09,b8:27:eb:bf:9d:51,0.004994671,48.8,false,0.007694031,false,0.020534428,22.1
1.59E+09,1c:bf:ce:15:ec:4d,0.004341545,78.5,true,0.006952255,false,0.018426906,27
1.59E+09,00:0f:00:70:91:0a,0.002840089,74.69999695,false,0.005114383,false,0.013274837,19.5
1.59E+09,b8:27:eb:bf:9d:51,0.004993254,48.8,false,0.007692451,false,0.020529925,22
1.59E+09,1c:bf:ce:15:ec:4d,0.004333721,78.5,true,0.006943189,false,0.018401241,27
1.59E+09,b8:27:eb:bf:9d:51,0.005020725,48.9,false,0.007723043,false,0.020617148,22
1.59E+09,00:0f:00:70:91:0a,0.002792826,74.59999847,false,0.005052672,false,0.013103809,19.5
1.59E+09,b8:27:eb:bf:9d:51,0.004970285,48.8,false,0.007666837,false,0.020456911,22
1.59E+09,1c:bf:ce:15:ec:4d,0.004245145,78.80000305,true,0.006840238,false,0.018109938,27.10000038
1.59E+09,00:0f:00:70:91:0a,0.002840089,74.69999695,false,0.005114383,false,0.013274837,19.5
1.59E+09,b8:27:eb:bf:9d:51,0.005032342,48.8,false,0.007735967,false,0.020654002,22
1.59E+09,1c:bf:ce:15:ec:4d,0.004245145,78.30000305,true,0.006840238,false,0.018109938,27
1.59E+09,00:0f:00:70:91:0a,0.002746464,74.69999695,false,0.004991855,false,0.012935399,19.5
1.59E+09,b8:27:eb:bf:9d:51,0.004980326,49,false,0.007678039,false,0.020488841,22
1.59E+09,1c:bf:ce:15:ec:4d,0.004245145,78.19999695,true,0.006840238,false,0.018109938,27
1.59E+09,00:0f:00:70:91:0a,0.002792826,74.69999695,false,0.005052672,false,0.013103809,19.5
1.59E+09,b8:27:eb:bf:9d:51,0.005020767,49.2,false,0.00772309,false,0.020617282,22
1.59E+09,1c:bf:ce:15:ec:4d,0.004245145,78.19999695,true,0.006840238,false,0.018109938,27
1.59E+09,00:0f:00:70:91:0a,0.002840089,74.80000305,false,0.005114383,false,0.013274837,19.5
1.59E+09,b8:27:eb:bf:9d:51,0.004994671,49.2,false,0.007694031,false,0.020534428,22
1.59E+09,1c:bf:ce:15:ec:4d,0.004245145,78.19999695,true,0.006840238,false,0.018109938,27
1.59E+09,b8:27:eb:bf:9d:51,0.004994706,49.4,false,0.007694069,false,0.020534537,22
1.59E+09,00:0f:00:70:91:0a,0.002792826,74.90000153,false,0.005052672,false,0.013103809,19.5
1.59E+09,b8:27:eb:bf:9d:51,0.004994671,49.4,false,0.007694031,false,0.020534428,22
1.59E+09,1c:bf:ce:15:ec:4d,0.004222511,78.19999695,true,0.006813836,false,0.018035281,27
1.59E+09,00:0f:00:70:91:0a,0.002792826,74.90000153,false,0.005052672,false,0.013103809,19.5
1.59E+09,b8:27:eb:bf:9d:51,0.005020762,49.3,false,0.007723084,false,0.020617265,22
1.59E+09,b8:27:eb:bf:9d:51,0.005030957,49.4,false,0.007734426,false,0.020649609,22
1.59E+09,1c:bf:ce:15:ec:4d,0.004237585,78.19999695,true,0.006831423,false,0.018085011,27
1.59E+09,b8:27:eb:bf:9d:51,0.004990367,49.5,false,0.007689234,false,0.020520753,22
1.59E+09,00:0f:00:70:91:0a,0.002840089,74.90000153,false,0.005114383,false,0.013274837,19.5
1.59E+09,b8:27:eb:bf:9d:51,0.004980355,49.5,false,0.007678071,false,0.020488933,22
1.59E+09,00:0f:00:70:91:0a,0.002840089,75,false,0.005114383,false,0.013274837,19.5
1.59E+09,b8:27:eb:bf:9d:51,0.004999033,49.5,false,0.007698891,false,0.020548282,22
1.59E+09,1c:bf:ce:15:ec:4d,0.004248979,78,true,0.006844707,false,0.018122576,27
1.59E+09,b8:27:eb:bf:9d:51,0.004971645,49.7,false,0.007668355,false,0.020461238,22
1.59E+09,b8:27:eb:bf:9d:51,0.005001927,50,false,0.007702115,false,0.020557476,22
1.59E+09,1c:bf:ce:15:ec:4d,0.004241476,77.90000153,true,0.006835961,false,0.018097843,27
1.59E+09,b8:27:eb:bf:9d:51,0.005006241,50.1,false,0.007706919,false,0.020571173,22
1.59E+09,00:0f:00:70:91:0a,0.002840089,75,false,0.005114383,false,0.013274837,19.5
1.59E+09,b8:27:eb:bf:9d:51,0.004980273,49.9,false,0.00767798,false,0.020488672,22
1.59E+09,1c:bf:ce:15:ec:4d,0.004245145,77.90000153,true,0.006840238,false,0.018109938,27
1.59E+09,b8:27:eb:bf:9d:51,0.005032342,49.8,false,0.007735967,false,0.020654002,22
1.59E+09,00:0f:00:70:91:0a,0.002792826,75.19999695,false,0.005052672,false,0.013103809,19.5
1.59E+09,b8:27:eb:bf:9d:51,0.005006283,49.8,false,0.007706966,false,0.020571306,22
1.59E+09,b8:27:eb:bf:9d:51,0.004988919,49.9,false,0.00768762,false,0.020516151,22
1.59E+09,1c:bf:ce:15:ec:4d,0.004279504,77.90000153,true,0.006880243,false,0.018223098,27
1.59E+09,00:0f:00:70:91:0a,0.002840089,75,false,0.005114383,false,0.013274837,19.5
1.59E+09,b8:27:eb:bf:9d:51,0.005020725,50.1,false,0.007723043,false,0.020617148,22
1.59E+09,b8:27:eb:bf:9d:51,0.00501782,50.2,false,0.00771981,false,0.02060793,22.1
1.59E+09,00:0f:00:70:91:0a,0.002840089,75.09999847,false,0.005114383,false,0.013274837,19.5
1.59E+09,b8:27:eb:bf:9d:51,0.00502078,50.2,false,0.007723105,false,0.020617325,22
1.59E+09,1c:bf:ce:15:ec:4d,0.004302587,77.90000153,true,0.00690707,false,0.018299006,27
1.59E+09,b8:27:eb:bf:9d:51,0.005016397,50.3,false,0.007718227,false,0.020603414,22
1.59E+09,00:0f:00:70:91:0a,0.002840089,75.09999847,false,0.005114383,false,0.013274837,19.5
1.59E+09,1c:bf:ce:15:ec:4d,0.004310347,77.90000153,true,0.006916078,false,0.018324501,27
1.59E+09,b8:27:eb:bf:9d:51,0.005007697,50.4,false,0.007708541,false,0.020575797,22
1.59E+09,00:0f:00:70:91:0a,0.002840089,75.09999847,false,0.005114383,false,0.013274837,19.5
1.59E+09,b8:27:eb:bf:9d:51,0.005030957,50.4,false,0.007734426,false,0.020649609,22
1.59E+09,1c:bf:ce:15:ec:4d,0.004322066,77.90000153,true,0.006929676,false,0.018362987,27
1.59E+09,00:0f:00:70:91:0a,0.002840089,75.19999695,false,0.005114383,false,0.013274837,19.5
1.59E+09,b8:27:eb:bf:9d:51,0.004994671,50.5,false,0.007694031,false,0.020534428,22
1.59E+09,1c:bf:ce:15:ec:4d,0.004333721,78,true,0.006943189,false,0.018401241,27
1.59E+09,b8:27:eb:bf:9d:51,0.005016397,50.7,false,0.007718227,false,0.020603414,22
1.59E+09,00:0f:00:70:91:0a,0.002840089,75.30000305,false,0.005114383,false,0.013274837,19.5
1.59E+09,b8:27:eb:bf:9d:51,0.00499186,50.8,false,0.007690898,false,0.020525496,22
1.59E+09,1c:bf:ce:15:ec:4d,0.004341545,78,true,0.006952255,false,0.018426906,27
1.59E+09,00:0f:00:70:91:0a,0.002840089,75.40000153,false,0.005114383,false,0.013274837,19.5
1.59E+09,b8:27:eb:bf:9d:51,0.004975983,50.9,false,0.007673195,false,0.020475034,22.1
1.59E+09,1c:bf:ce:15:ec:4d,0.0043751,78.09999847,true,0.006991084,false,0.018536861,27
1.59E+09,b8:27:eb:bf:9d:51,0.005038194,50.8,false,0.007742474,false,0.02067256,22.1
1.59E+09,00:0f:00:70:91:0a,0.002840089,75.40000153,false,0.005114383,false,0.013274837,19.5
1.59E+09,b8:27:eb:bf:9d:51,0.005030915,50.8,false,0.007734379,false,0.020649475,22.1
1.59E+09,1c:bf:ce:15:ec:4d,0.004341545,78.09999847,true,0.006952255,false,0.018426906,27
1.59E+09,b8:27:eb:bf:9d:51,0.005029451,50.7,false,0.007732751,false,0.020644832,22.1
1.59E+09,1c:bf:ce:15:ec:4d,0.004415088,78.09999847,true,0.007037249,false,0.018667642,27
1.59E+09,00:0f:00:70:91:0a,0.002840089,75.40000153,false,0.005114383,false,0.013274837,19.5
1.59E+09,b8:27:eb:bf:9d:51,0.005000431,50.7,false,0.007700449,false,0.020552724,22.1
1.59E+09,1c:bf:ce:15:ec:4d,0.004341545,78.19999695,true,0.006952255,false,0.018426906,27.10000038
1.59E+09,b8:27:eb:bf:9d:51,0.005014896,50.6,false,0.007716556,false,0.02059865,22.1
1.59E+09,00:0f:00:70:91:0a,0.002792826,75.40000153,false,0.005052672,false,0.013103809,19.5
1.59E+09,b8:27:eb:bf:9d:51,0.004994671,50.6,false,0.007694031,false,0.020534428,22.1
1.59E+09,1c:bf:ce:15:ec:4d,0.004351369,78.09999847,true,0.006963631,false,0.018459116,27
1.59E+09,b8:27:eb:bf:9d:51,0.004986056,50.6,false,0.007684428,false,0.020507053,22.1
1.59E+09,00:0f:00:70:91:0a,0.002840089,75.40000153,false,0.005114383,false,0.013274837,19.5
1.59E+09,b8:27:eb:bf:9d:51,0.005009159,50.5,false,0.007710169,false,0.020580438,22.1
1.59E+09,1c:bf:ce:15:ec:4d,0.0043751,78,true,0.006991084,false,0.018536861,27
1.59E+09,b8:27:eb:bf:9d:51,0.005030915,50.5,false,0.007734379,false,0.020649475,22.1
1.59E+09,1c:bf:ce:15:ec:4d,0.004548873,78.09999847,true,0.007190871,false,0.019103261,27
1.59E+09,b8:27:eb:bf:9d:51,0.005016397,50.5,false,0.007718227,false,0.020603414,22.1
1.59E+09,1c:bf:ce:15:ec:4d,0.004604152,78.09999847,true,0.007253979,false,0.019282399,27
1.59E+09,b8:27:eb:bf:9d:51,0.005044054,50.5,false,0.007748987,false,0.020691137,22.1
1.59E+09,00:0f:00:70:91:0a,0.002792826,75.19999695,false,0.005052672,false,0.013103809,19.5
1.59E+09,b8:27:eb:bf:9d:51,0.005023652,50.5,false,0.007726301,false,0.020626438,22.1
1.59E+09,b8:27:eb:bf:9d:51,0.005013474,50.6,false,0.007714973,false,0.020594137,22.1
1.59E+09,1c:bf:ce:15:ec:4d,0.004351369,78.09999847,true,0.006963631,false,0.018459116,27
1.59E+09,b8:27:eb:bf:9d:51,0.005058744,50.6,false,0.007765305,false,0.020737684,22.1
1.59E+09,1c:bf:ce:15:ec:4d,0.004302587,78.30000305,true,0.00690707,false,0.018299006,27
1.59E+09,b8:27:eb:bf:9d:51,0.005007697,50.6,false,0.007708541,false,0.020575797,22.1
1.59E+09,00:0f:00:70:91:0a,0.002840089,75.09999847,false,0.005114383,false,0.013274837,19.5
1.59E+09,b8:27:eb:bf:9d:51,0.00507947,50.7,false,0.007788308,false,0.020803309,22.1
1.59E+09,00:0f:00:70:91:0a,0.002840089,75.09999847,false,0.005114383,false,0.013274837,19.5
1.59E+09,1c:bf:ce:15:ec:4d,0.00444965,78.30000305,true,0.007077058,false,0.018780466,27
1.59E+09,b8:27:eb:bf:9d:51,0.005020725,50.7,false,0.007723043,false,0.020617148,22.2
1.59E+09,00:0f:00:70:91:0a,0.002840089,75.09999847,false,0.005114383,false,0.013274837,19.5
1.59E+09,b8:27:eb:bf:9d:51,0.005052864,50.7,false,0.007758775,false,0.020719057,22.1
1.59E+09,1c:bf:ce:15:ec:4d,0.004351369,78.30000305,true,0.006963631,false,0.018459116,27
1.59E+09,00:0f:00:70:91:0a,0.002840089,62.29999924,false,0.005114383,false,0.013274837,19.5
1.59E+09,b8:27:eb:bf:9d:51,0.005035299,50.7,false,0.007739255,false,0.020663379,22.2
1.59E+09,1c:bf:ce:15:ec:4d,0.004439323,78.30000305,true,0.007065172,false,0.018746775,27
1.59E+09,00:0f:00:70:91:0a,0.002840089,75.09999847,false,0.005114383,false,0.013274837,19.5
1.59E+09,b8:27:eb:bf:9d:51,0.005016439,50.7,false,0.007718274,false,0.020603548,22.2
1.59E+09,00:0f:00:70:91:0a,0.002700983,75.19999695,false,0.004931918,false,0.012769561,19.5
1.59E+09,b8:27:eb:bf:9d:51,0.005039661,50.6,false,0.007744104,false,0.020677211,22.2
1.59E+09,1c:bf:ce:15:ec:4d,0.004391004,78.19999695,true,0.007009459,false,0.018588908,27
1.59E+09,b8:27:eb:bf:9d:51,0.005020725,50.6,false,0.007723043,false,0.020617148,22.2
1.59E+09,00:0f:00:70:91:0a,0.002840089,75.19999695,false,0.005114383,false,0.013274837,19.5
1.59E+09,1c:bf:ce:15:ec:4d,0.004439323,78.09999847,true,0.007065172,false,0.018746775,27
1.59E+09,b8:27:eb:bf:9d:51,0.005006199,50.5,false,0.007706873,false,0.02057104,22.2
1.59E+09,b8:27:eb:bf:9d:51,0.005000431,50.4,false,0.007700449,false,0.020552724,22.2
1.59E+09,00:0f:00:70:91:0a,0.002840089,75.30000305,false,0.005114383,false,0.013274837,19.5
1.59E+09,b8:27:eb:bf:9d:51,0.005020725,50.3,false,0.007723043,false,0.020617148,22.2
1.59E+09,1c:bf:ce:15:ec:4d,0.004484293,78,true,0.007116874,false,0.018893351,27
1.59E+09,00:0f:00:70:91:0a,0.002792826,75.30000305,false,0.005052672,false,0.013103809,19.5
